﻿SellerID,AVG_DELAY_IN_DAYS
df683dfda87bf71ac3fc63063fba369d,167
e83c76265fc54bf41eac728805e4da77,159
4fb41dff7c50136976d1a5cf004a42e2,134
1782ce2db72c3dda627d5e7c898104e1,132
5d378b73ab7dd6f0418d743e5dcb0bd1,100
7a91bf945c6fae0779f1c61ce97fe45c,97
e09887ca8c7bf8a4621ce481820414ef,91
9b522ba7eae9e1d04082f267144583cc,80
72146da5774cabf2632faedcae097a76,76
6f1a1263039c76e68f40a8e536b1da6a,72
ebef8d8c92b4fd3226e5d407bbff21ac,65
ad420dd0c4f92f8af951ac24b86d0cf5,64
e81e1f9c3e762e620f3fb60a51499e16,63
eebb3372362aa9a46975164bed19a7e7,62
7b8e8ec35bad4b0ef7e3963650b0a87b,58
412a4720f3e9431b4afa1476a1acddbe,56
ebd2d60905fb58271facef5596b620d3,55
1d29dfba02015238dfbe2449a5eaa361,54
2e3be8a987a30d7544dbbda6861cc14e,54
8cc6a0e5738e61a87b03c78b2ba9db4b,53
cb41bfbcbda0aea354a834ab222f9a59,49
82e0a475a88cc9595229d8029273f045,47
df56d7b40d437f88407c5f78b63bc328,47
93dc87703c046b603023e75222018b45,47
c847e075301870dd144a116762eaff9a,46
c35affa65afd250151285c5917fc1c8a,45
066a6914e1ebf3ea95a216c73a986b91,43
a154d7316f158bb42e6fa18bbe3afd3a,42
8759e7aedd644f487315e5860962f162,40
1fdc574883ef3b33ad41562d93f3a74a,40
2a1348e9addc1af5aaa619b1a3679d6b,39
c1f12f926d0ba950578b4fa41115cbb6,39
f08c008c8a8d31417763738a1788a2a8,39
427165bf50f8ca07efc7bdc2bfcf1688,38
0691148aee60ca47977c187804f935ae,38
7357b52d27cbaa90f81a96cbc1279396,38
94b9108d4b637ba65bb4f1e53cfcf8d8,37
8b2492b7ff4468839593fafeed55bad9,36
054694fa03fe82cec4b7551487331d74,35
8e670472e453ba34a379331513d6aab1,35
a7f13822ceb966b076af67121f87b063,34
8629a7efec1aab257e58cda559f03ba7,33
3340ef1913fb70d28420f6ceb685c339,33
eeb6de78f79159600292e314a77cbd18,33
670c26e0f1bf8d0576271d5cfaec6d2b,33
714b9a1332840f257b49f476bea4e341,32
b43d8b707f887a30f4675391098354a0,32
994f04b3718c2bab35c2adfa8afecd2a,32
f00e21b1e91a79653163b7fd8f293ff1,32
5a93f3ab0ef4c84ed5e1b5dbf23978bc,32
f783a638e9c6af4a7d0dbfde811e7a81,32
3c4e0452bff7a2a788179488d3d77032,31
7586919161935337bf6b6d7ff5779648,30
f22a247b79dd22ecd91dc8e3b2a1b07c,30
86bb7c4b535e49a541baf3266b1c95b1,30
717b78b0950b51ed00b1471d858b0edc,29
4170f6a9367e6b5d6401d03ce6d54569,29
750303a20e9c56b2a6bc45cdce0b897d,29
c42fd8e4d47dfb18ce5222f2dd7752f9,29
5011f0d93373a4c5753adf58ca77af8d,28
4e06067cc08b3f41d837768d392c3ee3,28
a5a1bfcf728ab0e19182959cf0771ee4,28
751bdc4d83a466c7206cd42e8f426b03,28
acadd4d36859671cb635527c6c977533,28
1464afc72f696af775557a821c2e253f,27
ecccfa2bb93b34a3bf033cc5d1dcdc69,27
63ffcb71394dd8ea3872ed9ffda17c74,27
8d79c8a04e42d722a75097ce5cbcf2ef,27
9c0e69c7bf2619675bbadf47b43f655a,27
8e29d051f810eb22959ede205b462b9f,27
54965bbe3e4f07ae045b90b0b8541f52,27
7ea5bfa6c340f58f8e71fc1f0412b0d6,26
91f0eec23d4a61d7d7caeefa3f0ad1ca,26
042573af89b6d931f672efaf789d8358,26
17908cf9b444ee34047cadd5c0f4a516,26
aac29b1b99776be73c3049939652091d,26
2b5ed0c9139dae8883a200dfcb272ece,26
cac4c8e7b1ca6252d8f20b2fc1a2e4af,25
822bad9bc42b51213ba522fe87b7ab5d,24
bb7a14e229b1c95156719c3d9552eeee,24
391bbd13b6452244774beff1824006ed,24
54c04bdb5ec46762f8f08c7e8f86ed4a,24
be1e9e378700cecaa4ebf71433d7915c,23
c4fabeea6e569d42d02993bb1f4f1cbc,23
0b35c634521043bf4b47e21547b99ab5,23
6bd69102ab48df500790a8cecfc285c2,23
b33aaadd1a8891d2dfef0c4c3bdf0371,23
586a871d4f1221763fddb6ceefdeb95e,22
09f952a5f58d2285b0372551ae8f9b01,22
26e2c91ef821e1ff8985f408788fe35b,22
8ca1551acf9832a4cf467bbbac15851f,22
5acd070dd3fe441bbb2ec1f1ede515ee,22
31344c16881c08a8a72c6d2eb29918c1,22
8fec2e460530482132c436cfb5439925,22
056b4ada5bbc2c50cc7842547dda6b51,22
d23019c84ffae2d5ef2270367b8605fc,22
c6bda72e4dbf5c5866b13cb1810c6d03,22
04aba03279157f6d4e0fe8ccaf21963c,22
0c8380b62e38e8a1e6adbeba7eb9688c,21
870d0118f7a9d85960f29ad89d5d989a,21
1caf283236cd69af44cbc09a0a1e7d32,21
95e03ca3d4146e4011985981aeb959b9,21
6b536a23086fba0d58c08d68814397f6,21
e82de6494d91d3c4c54450f59b227a94,21
725c32fa80c2faacc4fc88450d27314e,21
1c68394e931a64f90ea236c5ea590300,21
df560393f3a51e74553ab94004ba5c87,20
8090490573c6c0aa343a7231ebcb8c86,20
4b5f66b7adcf57f1ecc0d3c07dd6b177,20
2a84855fd20af891be03bc5924d2b453,20
0d83f8e03188682112cc0d93523705cc,20
3586b8580d9c917874e053a1bb37b5ff,20
dc317f341ab0e22f39acbd9dbf9b4a1f,20
6a8b085f816a1f75f92dbac6eb545f8f,20
0dfbed20065e425d2eaefb101f9816c0,19
d93919c944be9cff128f6c9cb899eacb,19
4c8b8048e33af2bf94f2eb547746a916,19
b0b346d3a89f5eb4c2968af3f083cd43,19
f125f3a310c2e5f822d116147de1e474,19
244b04680fdbded0acf5aebd9c92b44a,19
327b89b872c14d1c0be7235ef4871685,19
c794dab4928dd97beb41d05514441e86,18
ea67327e24487bdfac5fbfa37ea124df,18
48436dade18ac8b2bce089ec2a041202,18
95b293867b5862941c9cd74f756a3c68,18
c5f7feb04a6a1fb3596322bfc3cf1917,18
05d2173d43ea568aa0540eba70d2ca76,18
8c3b533c63cca56240f94f1e3a6b18ef,18
33a17d60c64393351ebf1ef860f4e0f2,18
218f991754f360af9c2daa5e0b8e990c,18
15aac934c58d886785ac1b17953ea898,18
d98eec89afa3380e14463da2aabaea72,18
1987cd4be10fe09ee50454f9c354d1c6,18
fcb5ace8bcc92f75707dc0f01a27d269,18
712e6ed8aa4aa1fa65dab41fed5737e4,18
b6e1504972665f739dec4facb9943775,18
080199a181c46c657dc5aa235411be3b,17
d7b2377bae6ace1b11fc69a11900ac36,17
cb3dd9ce66268c7a3ca7241ac70ab58c,17
7b07b3c7487f0ea825fc6df75abd658b,17
392e0502231ae2f8b29994ef6398cd77,17
20d53aad4fe5ee93a64f8839609d3586,17
bd0389da23d89b726abf911cccc54596,17
66fd84ee7528c0c0de85d0f44a73d5ab,17
7f152321c60a266edc53af1925ef96c1,17
76c47a299e4a8fe992316a85865acbe9,17
bf84056e679dbe9c69929847a40e338f,17
6ee85be3693ed79a8e80718743d80655,17
15cd6eefe58588619aaed41dfa6621b1,17
2a50b7ee5aebecc6fd0ff9784a4747d6,17
6a0cbc8af2e8abd1bdfb777943d174c6,16
0df3984f9dfb3d49ac6366acbd3bbb85,16
b3b17aab11f273023a5f22ca52e1eb70,16
f97e2b0650c2068227e1d366140eb62f,16
2c9e548be18521d1c43cde1c582c6de8,16
c7b7db6c8f3c64a7cc1afa634db21d50,16
fdb9095204a334cd8872252ffec6f2db,16
8b28d096634035667e8263d57ba3368c,16
685b870da5b52a710782c9c0fefbeb5b,16
0176f73cc1195f367f7b32db1e5b3aa8,16
f7720c4fa8e3aba4546301ab80ea1f1b,16
6524b847b982cd56bb5d4b02b776ee42,16
bd1d49a326abfa9b1036772e40445430,16
b56906f7fd1696e043f1bcce164c487b,16
6d04126aba80df143fd038e711b8fd96,16
2379bdc3888025689a9deb7b141507d5,16
d379f449f2a3b271bc01c0782020f705,16
cca3071e3e9bb7d12640c9fbe2301306,15
1b8356dabde1d35e17cef975c3f82730,15
7bac63f6603d382cc8d0832eb6c100a8,15
cd3d09fbe6e3e9ff0c0ac0c300e93ae7,15
1554a68530182680ad5c8b042c3ab563,15
4aba391bc3b88717ce08eb11e44937b2,15
cd06602b43d8800bd0afad514919d35c,15
7d456afc660226829370f3173d14520c,15
e24fc9fcd865784fb25705606fe3dfe7,15
fce62094ffe6a4009188ec44e681dfdd,15
63b464dbf392c7b80d12d932fa7cafed,15
ccc4bbb5f32a6ab2b7066a4130f114e3,15
099095b050cfe8eb1ddff5317587e96e,15
af7cdac9d9897cddead9c6b08976c642,15
c004e5ea15737026cecaee0447e00b75,15
3c487ae8f8d7542beff5788e2e0aea83,15
bafc5aa11e413978be29040f51342e70,15
578fa3a9cb6b6dceab39231ad59cdaca,15
5b925e1d006e9476d738aa200751b73b,15
a938325a4b357fd23a6a4d5bb126408e,15
1d8dbc4f32378d715c717c1c1fc57bae,15
9cad4b68bb993ee401a3c5aaa2bc26dd,15
56642bcb79900e777d68e91915cb4267,15
b566ab0ef88016e00422755e305103c6,15
e89c4adbe7b1d0819dbb636e16461cf1,15
dfc5fb7259bb2b599ca565e6e9448f0f,15
ce7d1888639e6fb06b2749cbfdac1ff7,15
7b7f91e98f8c6def45a1407923304402,15
312ba1d77e9c332ef21f9598b7f64cd7,15
2a6fbeaa7ab9e5d59a35841a8da71ce4,14
8378eb36b6b70c5734e83ad7b8cdc3b7,14
10076e5788b8ee532724bcd460baf762,14
9c57bc60cfad5ee62d35d3f1ce4593a1,14
2b03ac196f5ed62ac483960fe0fa3b65,14
5f2684dab12e59f83bef73ae57724e45,14
373ee4a3a775a733770ca3f790b8b9ac,14
83353a83fd769dfafa4f21a72b15e3e5,14
ca5832c6960267b71041f74bb39e8b12,14
38e679b9e0064cd94c6f035707344dae,14
15fa791d5e017f66402dc28c44480657,14
7e93a43ef30c4f03f38b393420bc753a,14
655220df33262c7e0c4949a147366f94,14
c990d6cf976a5718aaedc539f383ab88,14
3d700782d7818f2c1e0d7a9e9d75fc00,14
d20b021d3efdf267a402c402a48ea64b,14
6b3bd31ad8fcda4b2635ec9f3ff2ecdf,14
daeb5653dd96c1b11860f72209795012,14
78744a20ee2f80ba64f6804c25def2b8,14
817245bcc3badd82bbd222e0366951a6,14
14d7985702e72162bbf13b6beb74ab2b,14
633ecdf879b94b5337cca303328e4a25,14
ccb83a794700270fde70898fe9ff368b,14
062ce95fa2ad4dfaedfc79260130565f,14
72c5da29406b4234927b81855e7b64f6,14
7139dc5186aa238b006e066d8fbab2e4,14
0ac4201fda2c68ebc0e47cb9423cf3c9,14
ba6b4a237f92479743cf0ca06b67a9ac,14
a3a38f4affed601eb87a97788c949667,14
244c2f1bff6afe1f2eaf9bfe9b2aed38,14
d2e753bb80b7d4faa77483ed00edc8ca,14
2d2322d842118867781fc737e96d59a1,14
640e21a7d01df7614a3b4923e990d40c,14
3a734b715d333a2588a3d54a0c9b8746,13
1f9ab4708f3056ede07124aad39a2554,13
3d8fa2f5b647373c8620330c4e077a9f,13
6b243f80ed07b10f0e8aa0f21a205f3c,13
ef0ace09169ac090589d85746e3e036f,13
d3f39f05462b79a4562d35893a28f159,13
fa74b2f3287d296e9fbd2cc80f2d1cf1,13
229c3efbfb0ea2058de4ccdfbc3d784a,13
3d3ccf2b2f8134b10dce9dd446f0e075,13
157c3e4b42f81ac4a44e8b1ca2fe9876,13
26d8a1c7c75d513045798992ead43aa2,13
669ae81880e08f269a64487cfb287169,13
fe2032dab1a61af8794248c8196565c9,13
9e9b539eb2806acee3f5c28085c1db9f,13
52956b80ae65fda598f06f6b9943e7a9,13
da2782c804606d2a5d8e1760dbb3e7ec,13
e4f121bf6ef8b9a1d4d3e65dd0473fab,13
cbd996ad3c1b7dc71fd0e5f5df9087e2,13
0aea4c6ae1505b3228ddf3dd7822ee5b,13
974cf2cb8f4b7add98709c30df02fe10,13
5ab05b6d86d417796c69ffd6774ec832,13
abe42c5d03695b4257b5c6cbf4e6784e,13
dd55f1bb788714a40e7954c3be6df745,13
5f67c6082caacb26e431a7b17940cece,13
20f0aeea30bc3b8c4420be8ced4226c0,13
0db783cfcd3b73998abc6e10e59a102f,13
4917cee8d902e13428c3ec4b1ca6f315,13
6a8a889bde935bafa76d7848782dfaf9,13
5b33b527da3c5b969cc99dc435cad09a,13
6d988d6174a2c27441597174f8905515,13
50770d25768b0486d89be26afca3108f,12
e5a38146df062edaf55c38afa99e42dc,12
4e42581f08e8cfc7c090f930bac4552a,12
edb1ef5e36e0c8cd84eb3c9b003e486d,12
b561927807645834b59ef0d16ba55a24,12
53e4c6e0f4312d4d2107a8c9cddf45cd,12
ffeee66ac5d5a62fe688b9d26f83f534,12
609e1a9a6c2539919b8205cf7c4e6ff0,12
cb5df0dcb9e280b1780e9d589889f2c7,12
f84a00e60c73a49e7e851c9bdca3a5bb,12
ad781527c93d00d89a11eecd9dcad7c1,12
eba88037e1dca898cd02881f67ced679,12
f3da5b2ff499efb8d4a6d371d175d7dd,12
8a40ae794fa3f9892cee24bd5af0488b,12
1eade46fba20122dc4aefb379f8c636b,12
ec2e006556300a79a5a91e4876ab3a56,12
1d4587203296c8f4ad134dc286fa6db0,12
8d92f3ea807b89465643c219455e7369,12
58f1a6197ed863543e0136bdedb3fce2,12
55bb6fe5bebe5012e2d7d9928e1128ff,12
a5cba26a62b8b4d0145b68b841e62e7f,12
610f72e407cdd7caaa2f8167b0163fd8,12
cab85505710c7cb9b720bceb52b01cee,12
503c1de08ae81a2d86f17951b204db55,12
a420f60ff1aa9acc80d0e42959f2b313,12
83e197e95a1bbabc8c75e883ed016c47,12
191d55f7edb8524d525ed01b20fe32e8,12
e8dba4d70f7f2b20e775d09cae01142d,12
9bf11dfc0bec77e5a23028043c3c5a8f,12
d7485b33791774c36108f8c69602d48d,12
6d803cb79cc31c41c4c789a75933b3c7,12
d624126b9206f595fb3fbb6ba03b28a8,12
01cf7e3d21494c41fb86034f2e714fa1,12
4e17c65a516f69d023a2ae78b84f28d6,12
dd533b429f380718b70ad9922c294bae,12
218d46b86c1881d022bce9c68a7d4b15,11
0dd184061fb0eaa7ca37932c68ab91c5,11
0adac9fbd9a2b63cccaac4f8756c1ca8,11
c3867b4666c7d76867627c2f7fb22e21,11
5b35136197710e16ac5e7b7c2bd4ea85,11
39c763cca83e654764b7a4a650fb9b7c,11
d50d79cb34e38265a8649c383dcffd48,11
c864036feaab8c1659f65ea4faebe1da,11
dbc22125167c298ef99da25668e1011f,11
039e6ad9dae79614493083e241147386,11
0ef83d7d83ed97cd2a0049ac8be5f88a,11
aa762680c40618316a896838866140ea,11
a673821011d0cec28146ea42f5ab767f,11
0bf0150d5b9d60d9cd2906003332f085,11
4091f77d8c768fc3e81c20761471761d,11
bd15ee794d5e640d9dd71b665b2ab15b,11
fe87f472055fbcf1d7e691c00b1560dc,11
0c7533c71df861ec58ad7ff999ed0e8d,11
03a2a6dcbe45d639c4dc2a0d24769c40,11
001cca7ae9ae17fb1caed9dfb1094831,11
634964b17796e64304cadf1ad3050fb7,11
5058e8c1e82653974541e83690655b4a,11
324583d68897f5ddbaf38f6248322176,11
4b9750c8ad28220fe6702d4ecb7c898f,11
5bc55dbe2f12b6af6d83ed46023e0dc8,11
d3dcf0604eabf0224fbd5948b5e02f69,11
78c99c6dff4eeae5be99bf635ed21e3f,11
8bd0e3abda539b9479c4b44a691be1ec,11
7a67c85e85bb2ce8582c35f2203ad736,11
20b54c376b794ed028df09a3cd88e8dc,11
6219ba2359cfb97f2e38fd4c321eb309,11
440dd6ab244315c632130ecfb63827b1,11
dee656f0f566ed1aa85bd137c943f08f,11
adbc26658d6c7b4b6219f9d934598091,11
a3f0b55de503387383c7b1de3ad7f678,11
4b98b0428fc1932cc2514ef9ce2505e6,11
85cc55e048b6bcc90c75afe7f0e72f72,11
7ddcbb64b5bc1ef36ca8c151f6ec77df,11
5eeb9c756d9780b96283e5a2ac6da334,11
d71d863e5ef30d94e440c11be17dcd8f,11
d9a84e1403de8da0c3aa531d6d108ba6,10
a435b009cd956ea60748b5cfbddf2e24,10
f63d8f293af3a6454377546bd9dd19ff,10
f12ff17ad8bbf01ec5c33b17e506649b,10
4a3ccda38b2129705f3fb522db62ca31,10
54a1852d1b8f10312c55e906355666ee,10
f7ccf836d21b2fb1de37564105216cc1,10
855668e0971d4dfd7bef1b6a4133b41b,10
f45122a9ab94eb4f3f8953578bc0c560,10
dc4a0fc896dc34b0d5bfec8438291c80,10
ec4608a1f76453166bb312b2968aeaf4,10
7c67e1448b00f6e969d365cea6b010ab,10
4e5725ba188db8252977a4f0227bd462,10
2089a6d640999f9b9141ac719b2af596,10
27a56ff04b34c2ba34ce6ba4d3b9d616,10
700f03c207639c22d933381ff60b35c2,10
77a515caa36327151d1cc6c32a9f00e1,10
e9d99831abad74458942f21e16f33f92,10
8160255418d5aaa7dbdc9f4c64ebda44,10
e9779976487b77c6d4ac45f75ec7afe9,10
048c2757535328e0d7dac690ad3c0aae,10
2528513dd95219a6013d4d05176e391a,10
3dfd3dc96f7f8598eca74e9ac8a2fa31,10
94144541854e298c2d976cb893b81343,10
ef506c96320abeedfb894c34db06f478,10
323ce52b5b81df2cd804b017b7f09aa7,10
058fd0aa2bfdb2274e05e1ae971dabb6,10
e62b2d6ac10570a035a30bafcf01d263,10
5d0363b33554b373851fc1622e4d5f3c,10
dd2bdf855a9172734fbc3744021ae9b9,10
d673a59aac7a70d8b01e6902bf090a11,10
dbb9b48c841a0e39e21f98e1a6b2ec3e,10
6860153b69cc696d5dcfe1cdaaafcf62,10
9906e7aa42a3c067b7c9a564d01c4320,10
bd23da7354813347129d751591d1a6e2,10
b19f3ca2ea475913750f25a5c37c8d8f,10
b5abf4f36adc043117b4fca82c22984c,10
1d503743d2526f03f0c2c89540ee008c,10
7f7b8245c336066a1f9933c359f11d77,10
fa40cc5b934574b62717c68f3d678b6d,10
33a6f4b1e7cdc205511e76ba1b6e0186,10
9d39404483343dd55c7ae254494d8388,10
b76dba6c951ab00dc4edf0a1aa88037e,10
701938c450705b8ae65fc923b70f35c7,10
781a66c0d89e30814d49fe8b5e14cd07,10
903037660cf848a717166eb7a06d616e,10
822166ed1e47908f7cfb49946d03c726,10
17e34d8224d27a541263c4c64b11a56b,10
f5f2ab9bdb6b30c14c61be68c5ed37da,10
b1b3948701c5c72445495bd161b83a4c,10
7d13fca15225358621be4086e1eb0964,10
18a349e75d307f4b4cc646a691ed4216,10
d1582f4043306e6b91afa6a8a884f898,10
d8dd176509baa37f359644d082bf7f7b,10
67bf6941ba2f1fa1d02c375766bc3e53,10
b5e3e38609125694d2ea2417522a60b7,9
729f06993dac8e860d4f02d7088ca48a,9
8e6d7754bc7e0f22c96d255ebda59eba,9
bba3293d6f5d5af2f415e004e8b93ae3,9
fa1c13f2614d7b5c4749cbc52fecda94,9
0bb738e4d789e63e2267697c42d35a2d,9
620c87c171fb2a6dd6e8bb4dec959fc6,9
ce248b21cb2adc36282ede306b7660e5,9
3d871de0142ce09b7081e2b9d1733cb1,9
e06f09ec0a4aca210779cf1cfc63cf19,9
b87a7ea0c30fad2dd6781b74a0064859,9
31ae0774c17fabd06ff707cc5bde005f,9
05ff92fedb5be47920fea08e501238b9,9
bbad7e518d7af88a0897397ffdca1979,9
f419677537694f0462a91990df6ca44f,9
ceaec5548eefc6e23e6607c5435102e7,9
6ec1a01e866584bb679eb9b098345919,9
b839e41795b7f3ad94cc2014a52f6796,9
b56828a9f9027f3c918c04ca720d9e3c,9
5b8154610ebb21fb90eb587365e673df,9
00720abe85ba0859807595bbf045a33b,9
562fc2f2c2863ab7e79a9e4388a58a14,9
08cdbae123ff67ca4e36d9d641ce0119,9
6a51fc556dab5f766ced6fbc860bc613,9
2745f798279e0ed033addcc1474776d7,9
d97df38225e5abadaff1e72cb72b823c,9
7142540dd4c91e2237acb7e911c4eba2,9
715bbd5ba4e6b74cb0d2f29eb45058b0,9
37be5a7c751166fbc5f8ccba4119e043,9
058cb5aeb36d7c0fcae20fc85d5e0a59,9
8c16d1f32a54d92897cc437244442e1b,9
d5ba419e26d246a0719437cf37d9b46d,9
9ef932e837d8b7f392c0bfee9d359dc2,9
3c7c4a49ec3c6550809089c6a2ca9370,9
abcd2cb37d46c2c8fb1bf071c859fc5b,9
e96498ed8daaa3e9c23f7a62da76591c,9
75d34ebb1bd0bd7dde40dd507b8169c3,9
70eea00b476a314817cefde4aad4f89a,9
78a4d36f65a019172c6154468831a69f,9
897060da8b9a21f655304d50fd935913,9
f5a590cf36251cf1162ea35bef76fe84,9
9596c870880d900012f2e8e6e30d06d7,9
da8622b14eb17ae2831f4ac5b9dab84a,9
8629c241b3622ac12cd4118afdc8d394,9
4a3ca9315b744ce9f8e9374361493884,9
e5a3438891c0bfdb9394643f95273d8e,9
4c03b9dd4c11ee2cb35c96c49efc9420,9
f457c46070d02cadd8a68551231220dd,9
3b15288545f8928d3e65a8f949a28291,9
aafe36600ce604f205b86b5084d3d767,9
9f505651f4a6abe901a56cdc21508025,9
0ed6ce5d87fd9c69eaacaeb778d67235,9
01fd077212124329bac32490e8ef80d9,9
e5e33c0d8e7e002f398f5dc4cbbb338f,9
c4d51195486dc781531876a7d00453d8,9
834f8533b2ecb6598dd004ff3de7203a,9
c003204e1ab016dfa150abc119207b24,9
ede0c03645598cdfc63ca8237acbe73d,9
6f892e20a171e98efe17fdb971ff319b,9
863d2ebcd347ce4922de7a0f9a5581d6,9
2a61c271b1ac763450d846849783e922,9
d05ae8f7a5bd1d2a690a44cd079e4e27,9
5b67882648febfb6e1225e6ad7164f6b,9
f0837c8d71434931d9e38e7b79234797,9
e0878efa0e0b7e5313ac0b43bc04c081,9
51ed72984a04e5dd35c2b27e77179038,9
7c462184585ae80bd6e5774c62ce50f2,8
813348c996469b40f2e028d5429d3495,8
08061dc0fc165ed41288cc7acde738ee,8
6288c69c4ce638e59925e59193f98b16,8
3f995f07c49d0d55a99d5c54957f7d81,8
4869f7a5dfa277a7dca6462dcf3b52b2,8
9de4643a8dbde634fe55621059d92273,8
05f51e13da97139648b8125c31e5f51b,8
02dcd3e8e25bee036e32512bcf175493,8
b92e3c8f9738272ff7c59e111e108d7c,8
710e3548e02bc1d2831dfc4f1b5b14d4,8
238fac594e170b59c6d228f5a4f4f1d9,8
87e24fc7052259b1f7f607d61c10d8be,8
4bfc7a4a1cf8d4d2121c27422d9e50b5,8
004c9cd9d87a3c30c522c48c4fc07416,8
430315b7bb4b6e4b3c978f9dfa9b0558,8
7008613ea464bad5cb9b83456e1e6a8f,8
9dda5bbacd45e18d6485fee649205d09,8
41b39e28db005d9731d9d485a83b4c38,8
1b4c3a6f53068f0b6944d2d005c9fc89,8
577719699805dd125d5b6fdde5943bba,8
8476243f92442881ddd5b578975cf115,8
d66c305afaec317ebee552073a674429,8
02f623a8eb246f3c5f7c2f96462654e6,8
070d165398b553f3b4b851c216b8a358,8
b4ffb71f0cb1b1c3d63fad021ecf93e1,8
0b90b6df587eb83608a64ea8b390cf07,8
a1043bafd471dff536d0c462352beb48,8
4c2b230173bb36f9b240f2b8ac11786e,8
8bdd8e3fd58bafa48af76b2c5fd71974,8
b335c59ab742f751a85db9c411a86739,8
431af27f296bc6519d890aa5a05fdb11,8
8581055ce74af1daba164fdbd55a40de,8
e24d3429d294b2eb200b064ebb035879,8
b2479f944e1b90cf8a5de1bbfde284d6,8
165fc07beebdcb6190fba8a06db2a449,8
240b9776d844d37535668549a396af32,8
851773c885feb5e2da3b4f82bc2b17ce,8
3ade81dab5a172b88e1871c28ae05260,8
f181738b150df1f37cb0bd72e705b193,8
1f50f920176fa81dab994f9023523100,8
c878515173c84a492ebe50d6b493230b,8
71271995e85f5b8530be99ed54a91b89,8
ec8879960bd2221d5c32f8e12f7da711,8
ffc470761de7d0232558ba5e786e57b7,8
8bd0f31cf0a614c658f6763bd02dea69,8
04308b1ee57b6625f47df1d56f00eedf,8
77530e9772f57a62c906e1c21538ab82,8
5b581417df4480f632484ba681e53944,8
45d33f715e24d15a6ccf5c17b3a23e3c,8
2138ccb85b11a4ec1e37afbd1c8eda1f,8
cd68562d3f44870c08922d380acae552,8
9d4db00d65d7760644ac0c14edb5fd86,8
88460e8ebdecbfecb5f9601833981930,8
7aa4334be125fcdd2ba64b3180029f14,8
e88165a185134e13fdfc85d4fa654db8,8
9646c3513289980f17226a2fc4720dbd,8
7681ef142fd2c19048da7430856b5588,8
35fb511489d9ee3ee27a76debce9df06,8
5d3bb11474a06bdc23fb9e89f1164ee0,8
ececbfcff9804a2d6b40f589df8eef2b,8
d9bd94811c3338dceb4181f3dbc0c73e,8
8931a84a914b3fe9b1ddaa4d704947ca,8
11bfa66332777660bd0640ee84d47006,8
8e6cc767478edae941d9bd9eb778d77a,8
46dc3b2cc0980fb8ec44634e21d2718e,8
2a261b5b644fa05f4f2700eb93544f2c,8
d1a5cc844736958c11b8efab9a2b4c87,8
972d0f9cf61b499a4812cf0bfa3ad3c4,8
00ee68308b45bc5e2660cd833c3f81cc,8
113e3a788b935f48aad63e1c41dac1bd,8
e84ad2127668df3aafc6b73531a0beb8,8
3c03b12bab54d8b37d79d914bfdb1aa0,8
02f5837340d7eb4f653d676c7256523a,8
b17b679f4f5ce2e03ce6968c62648246,8
3fd1e727ba94cfe122d165e176ce7967,8
e59aa562b9f8076dd550fcddf0e73491,8
0afccdb8a34ee5c79f7c06faf2b4d56e,8
04fdea0c111866e6cf812f1570d6b5bd,8
0417b067eeab773d2f7061a726dc477f,8
37515688008a7a40ac93e3b2e4ab203f,8
b33e7c55446eabf8fe1a42d037ac7d6d,8
b499c00f28f4b7069ff6550af8c1348a,8
973f21788dfab357250f69a8dcb7ddee,8
13fa2a6c6b9d0f43cb588d7c82117a12,7
891071be6ba827b591264c90c2ae8a63,7
2156f2671501a81034d7d07f217609d0,7
f593898ec748b7a8cb81fc04edafd98a,7
fcdd820084f17e9982427971e4e9d47f,7
391fc6631aebcf3004804e51b40bcf1e,7
1b4b28463457a256e9a784ebe2a8f630,7
70a12e78e608ac31179aea7f8422044b,7
42b729f859728f5079499127a9c2ef37,7
a49928bcdf77c55c6d6e05e09a9b4ca5,7
1dfe5347016252a7884b694d4f10f5c4,7
093805f8f2aeb63881444571e1f48f30,7
7d76b645482be4a332374e8223836592,7
9e6967d3cf386d284251784b18ccb485,7
5656537e588803a555b8eb41f07a944b,7
ff69aa92bb6b1bf9b8b7a51c2ed9cf8b,7
6f229cc508fc6915ed5c499efd93baa4,7
7ad32824caee82087b3e2e5f33b1bf32,7
602044f2c16190c2c6e45eb35c2e21cb,7
86ccac0b835037332a596a33b6949ee1,7
1d2732ef8321502ee8488e8bed1ab8cd,7
b2ba3715d723d245138f291a6fe42594,7
c273175f7c6c80fb02f051e2fc6d0d72,7
9add47bf45ce8e8c7db6b9cf670b1e09,7
c6a7539d424a8402232c2228d7a03c5e,7
99eaacc9e6046db1c82b163c5f84869f,7
276677b5d08786d5dce7c2149dcce48b,7
25c5c91f63607446a97b143d2d535d31,7
63704069d9bd3a75c1cf59babe56004a,7
fb89df7f89fd1b8f03fa2acca1ba7364,7
35857757f553273b1056c1cabdace7fb,7
2e1c9f22be269ef4643f826c9e650a52,7
9c068d10aca38e85c50202e17b4a7e88,7
2eb70248d66e0e3ef83659f71b244378,7
8f2ce03f928b567e3d56181ae20ae952,7
e8f6dc8e6a1dcde89d20e3995c8d90b3,7
87d30a6a0cbf89356e49324971ab1d24,7
d101c6da914ae3d53f7bee42283f2fe2,7
3a1a1fec38dd360f15fc912e821e169d,7
52f0fe436a347ddad7ed5f9aa4e27eaa,7
50c9975695009e5e6473912e83a6d1da,7
48162d548f5b1b11b9d29d1e01f75a61,7
12b9676b00f60f3b700e83af21824c0e,7
fd386aa7bed2af3c7035c65506c9b4a3,7
bdb3edbaee43a761e2d4f258dc08f348,7
b6dc74ed30f124f95227bed4e43a3bed,7
834f3294fba9f932f56edc879193f925,7
282f23a9769b2690c5dda22e316f9941,7
bcc9dd23e2a8bd8267cf92b19304a1b9,7
76d64c4aca3a7baf218bf93ef7fa768d,7
522620dcb18a6b31cd7bdf73665113a9,7
002100f778ceb8431b7a1020ff7ab48f,7
96804ea39d96eb908e7c3afdb671bb9e,7
7c5b05cbdb5542049f38d90d7815b97d,7
53d00c40e32aeb924a84ce72b1af869d,7
5a425cc503b39b262a847fd6212bf53b,7
8f54d64f28a993550aa7943f12572959,7
f918546be4bec7104d117789ba758b2b,7
0241d4d5d36f10f80c644447315af0bd,7
17f51e7198701186712e53a39c564617,7
f76a3b1349b6df1ee875d1f3fa4340f0,7
13074f016982ff2bd6c58ced8682f000,7
bfd27a966d91cfaafdb25d076585f0da,7
8fbe2ee446b97e128471be4ce983dc0d,7
5f5b43b2bffa8656e4bc6efeb13cc649,7
30829ded4523ab9224b93bc49a62c95f,7
7299e27ed73d2ad986de7f7c77d919fa,7
59b22a78efb79a4797979612b885db36,7
7e3f87d16fb353f408d467e74fbd8014,7
2bf6a2c1e71bbd29a4ad64e6d3c3629f,7
16090f2ca825584b5a147ab24aa30c86,7
d9442042130b7fe579d1295f9f4a248f,7
624f4ece8da4aafb77699233d480f8ef,7
9bcdfa7b615b3abb9461d9e3ad9886ae,7
8444e55c1f13cd5c179851e5ca5ebd00,7
fde0cc9ea29c8ccfc0a2c22256a58c71,7
17a053fcb14bd219540cbde0df490be0,7
0be8ff43f22e456b4e0371b2245e4d01,7
9c7fd21e0aa159b20da593371f08ff7c,7
80e6699fe29150b372a0c8a1ebf7dcc8,7
f4c4daa86e30c7e5a553a8d518ac03a5,7
1336efc61c316ddf92c899eb817f7cae,7
53243585a1d6dc2643021fd1853d8905,7
e067ad2c1c0b48758eb1b5228bcf7a68,7
42bde9fef835393bb8a8849cb6b7f245,7
dfa0c4c6229ab200a4a1336b4d7128ff,7
b9ca8e8baa5d4aa038394a700f63e69f,7
9b1f656ca3060f8af17a50d8a024b533,7
8b321bb669392f5163d04c59e235e066,7
f214d28e8d8e3ef068748498ccc2f813,7
7e1fb0a3ebfb01ffb3a7dae98bf3238d,7
e7d5b006eb624f13074497221eb37807,7
f5f46307a4d15880ca14fab4ad9dfc9b,7
07de60b03d150fb3ea09eab5da5e4c8b,7
5dceca129747e92ff8ef7a997dc4f8ca,7
0887a9f087bcd5d9f6642b52f897fc6c,7
520b493b57809f446cb0a233bb3e25c7,7
4d6d651bd7684af3fffabd5f08d12e5a,7
51a04a8a6bdcb23deccc82b0b80742cf,7
0747d5bb69f0586cc869d8af4c50f93e,7
0d85bbda9889ce1f7e63778d24f346eb,7
2ff97219cb8622eaf3cd89b7d9c09824,7
a2e874074c877c5a05abae80ad6e488f,7
f7ba60f8c3f99e7ee4042fdef03b70c4,7
d650b663c3b5f6fb392b6326366efa9a,7
9853a239ab7b7ebbdc3a21248d5b8e1f,7
1835b56ce799e6a4dc4eddc053f04066,7
741f8c587cb4248ebc5b779a0e8e0e51,7
082e0bf4cb865a6533b1e8e498cc0255,6
87d3c3aeb3ead335511b3ce315eb341e,6
8a207b6080964f3c1fc9d35bd6096ba4,6
cee48807215b30a12ca2ca10ffb5f250,6
080102cd0a76b09e0dcf55fcacc60e05,6
7dc8c42cc750eeafea6c85712ffee9bf,6
376a891762bbdecbc02b4b6adec3fdda,6
82bd0703a4aefd6b599e5bfdaed378fb,6
6c7d50c24b3ccd2fd83b44d8bb34e073,6
198c7ea11960a9844b544d9bcdca860c,6
6039e27294dc75811c0d8a39069f52c0,6
821fb029fc6e495ca4f08a35d51e53a5,6
d2374cbcbb3ca4ab1086534108cc3ab7,6
cc419e0650a3c5ba77189a1882b7556a,6
beadbee30901a7f61d031b6b686095ad,6
f615fe7efbef0f4f08fd3086bc7a3e60,6
efcd8d2104f1a05d028af7bad20d974b,6
c679fb69a36e1d8349e8c50a217b4d58,6
c13ef0cfbe42f190780f621ce81f2234,6
b39d7fe263ef469605dbb32608aee0af,6
2d50d6282f8aa2257819a77bfaa0efe0,6
be8e909810184b9b19e886129149d8e5,6
e8b3a3a38279a82f0e5d006d5e5b7d2c,6
9da1ca0bef29ee170e541927a5aeabdc,6
6560211a19b47992c3666cc44a7e94c0,6
827f8f69dfa529c561901c4f2e0f332f,6
ea8482cd71df3c1969d7b9473ff13abc,6
06a2c3af7b3aee5d69171b0e14f0ee87,6
8e34331b7eedd03be4e5d965c1956225,6
1127b7f2594683f2510f1c2c834a486b,6
c8467937e403e76a8ee9f0ab13f6f5ef,6
8cbac7e12637ed9cffa18c7875207478,6
014c0679dd340a0e338872e7ec85666a,6
3b872fd4747f01cc56206f2934198618,6
e2aee0892199b1d92530e371abd825bf,6
709e16e2b25c7474d980076c6bfc4806,6
2ba91c7ad80ff88b23b7db823b43c233,6
0cbcee27c791afa0cdcb08587a2013a8,6
b14db04aa7881970e83ffa9426897925,6
128639473a139ac0f3e5f5ade55873a5,6
4ba52dfeba874da5b9ee7b17c7494f04,6
de722cd6dad950a92b7d4f82673f8833,6
6e0908ef4d4efadbc3cc2b74ea477cb0,6
d921b68bf747894be13a97ae52b0f386,6
ec80e49e69745ab6c14f984bf2149423,6
527801b552d0077ffd170872eb49683b,6
ef990a83bbea832f36ebe81376335aa8,6
c9c7905cffc4ef9ff9f113554423e671,6
c8b3445d737de6befde0c88ede534a5e,6
0249d282d911d23cb8b869ab49c99f53,6
3f2af2670e104d1bcb54022274daeac5,6
4342d4b2ba6b161468c63a7e7cfce593,6
6fc26fe110feebd80a433e1f012a84f9,6
74636e24f01da9268b0ed88dacd8513e,6
e333046ce6517bd8bb510291d44f0130,6
1da3aeb70d7989d1e6d9b0e887f97c23,6
3da38366e7bd9baf6369071f782ecdf0,6
1bb2bdb95f4841f1bba2c0d2cd83d3c9,6
eb5b6204dde3a6e03b5f1bb8479f055b,6
0e44d110fa6a54e121cb2c095a77762f,6
406822777a0b9eb5c50e442dd4cd3ec5,6
13d058e4eeac2ce8217660b2f8a05812,6
89bc797e2e29667aa035d4368f9b7f92,6
e9bc59e7b60fc3063eb2290deda4cced,6
289cdb325fb7e7f891c38608bf9e0962,6
c826c40d7b19f62a09e2d7c5e7295ee2,6
559d56f3b8f0bc2e5a9a62fe2ce2a39f,6
6861de0f40cacb0602e473c51639f980,6
955fee9216a65b617aa5c0531780ce60,6
ea566164622c6b439516ab18062c42cd,6
b55638ad525e906c698fa2ce742c1742,6
bc07d855eac23aab5ac8a120f21d16b2,6
db4350fd57ae30082dec7acbaacc17f9,6
259f7b5e6e482c230e5bfaa670b6bb8f,6
08633c14ef2db992c11f840f04fad4cd,6
4371b634e0efc0e22b09b52907d9d469,6
9da15f4a4ea758d9eeb49000dbe57e22,6
6cd68b3ed6d59aaa9fece558ad360c0a,6
7040e82f899a04d1b434b795a43b4617,6
04e38a233f726ef161074ab1c9b0399a,6
87142160b41353c4e5fca2360caf6f92,6
f6122bc84774df1b372bdb3bb88ddb9f,6
165b1235e9e9942cb5fae67103576fb0,6
f46490624488d3ff7ce78613913a7711,6
7fdb0720c8d7c9075538b365dc8c3a22,6
921323538c9f1c4e816f2720eac02bea,6
06579cb253ecd5a3a12a9e6eb6bf8f47,6
dc8798cbf453b7e0f98745e396cc5616,6
e3a386fc36e22064434e1fa256f6a9fa,6
0432ead42b6c8a0bdf68154add917fdf,6
30a2f535bb48308f991d0b9ad4a8c4bb,6
66e0557ecc2b4dbea057e93f215f68d8,6
de23c3b98a88888289c6f5cc1209054a,6
8fdca8e349553f99bc738833a62c8802,6
02d35243ea2e497335cd0f076b45675d,6
e504a4e2efaa45cbff7e268a2c58c956,6
1900267e848ceeba8fa32d80c1a5f5a8,6
6973a06f484aacf400ece213dbf3d946,6
75fbb52eda0cbc24f479d3b2fbfa8d3e,6
f1ed6bd0a9b11b581f16c851c6a5a527,6
f84fa566034f5e8e880a07ec624c56af,5
4e922959ae960d389249c378d1c939f5,5
25cf099de44674fde97473224f9d59ab,5
a416b6a846a11724393025641d4edd5e,5
411f3b52d857390502ee4e4d5ceabc2d,5
7a241947449cc45dbfda4f9d0798d9d0,5
81336a0f57a33776419727a300249e90,5
11305281b50fff20ae8bb473f8e11876,5
038b75b729c8a9a04b0d07cba7eabe86,5
5ca5d579b5857ee8709479b1047cecc3,5
c24173065483e421f9e5e7f599de101d,5
a3e9a2c700480d9bb01fba070ba80a0e,5
c35672b10ad50968f567ea3f4b91e877,5
1fe5540d7c1c37a595fefbacd5570d9e,5
8648b1e89e9b349e32d3741b30ec737e,5
d32e3909cfb714fb2a6cb092c85b9c5f,5
c1d1ebb4745cc43cb6f05e9c8a705c9a,5
282c7480173bb9c01dd41cc739fec010,5
530ec6109d11eaaf87999465c6afee01,5
4b1eaadf791bdbbad8c4a35b65236d52,5
33576ec5412fb5905d876f12f33bfde6,5
5abb8ea023c77787f2c15da891c8d384,5
579891617139df7d8671d373f0669622,5
48bad451945f5227341793478d6353ea,5
25e6ffe976bd75618accfe16cefcbd0d,5
0ffa40d54288e4f3499b8780dd0f144f,5
b2ac621f0d0322434d04a12b078b9369,5
8e4f041ff58e7845456d3482524014b3,5
1d1bbb8ac1581824986f582583fff01d,5
fbc14c0cf93505ef89f64665ffa4a7b5,5
d3674f271c91f824f82d24d92011f669,5
9b013e03b2ab786505a1d3b5c0756754,5
3d4824f20035949c710eaf111f869d39,5
bc47d5d1490df2b36add65d733eafaba,5
17306570e772e7718c92a562d33f5f1d,5
e63e8bfa530fb16910dd6956e592bb81,5
f262cbc1c910c83959f849465454ddd3,5
537eb890efff034a88679788b647c564,5
a1474fd46fd3430168f7ec202da39408,5
afa6714acee029b2dfdf357e5579cc03,5
70849ca4f400aaabb62cb7462a6f1428,5
a44fb5a447105f8469bdf16bf9159f25,5
d03698c2efd04a549382afa6623e27fb,5
f8db351d8c4c4c22c6835c19a46f01b0,5
8b9d6eec4a7eb7d0f9d579ce0b38324d,5
538caafddff204241cecbf3a02e6b3cf,5
6cf476a4ca74498db55cbccdaa9dcfb6,5
23a0ffca143a15b9b5bbdb7d552f626a,5
c33847515fa6305ce6feb1e818569f13,5
dd4d95ba2d15c071e6c695e2ef6ce169,5
271c58a1d139c45eaf3316107c6d3a3b,5
6ddc28b61be28373b4503a1f61cf98a9,5
5cf13accae3222c70a9cac40818ae839,5
236585a4ddb5fea9fa40233e2249ed91,5
f4aba7c0bca51484c30ab7bdc34bcdd1,5
34056b8b55c1775a22af2331670a799c,5
d1c281d3ae149232351cd8c8cc885f0d,5
a888faf2d1baececa6baf9c3d603ee1f,5
66922902710d126a0e7d26b0e3805106,5
2d2c62bef4c8ba0dd74e0e228e808539,5
7d7d2b7a51328016102d4528c411d630,5
900ba814c251a692506d7834c1218441,5
7daca0837f033a41a6f3428c18657533,5
f1b93673502375d491780bb49d615dbc,5
6fd52c528dcb38be2eea044946b811f8,5
e8b4225284fbb02d16f200513f1f395d,5
9b00ed88b7fdb95d6ff76e27c1b52d16,5
ce69a8021d18961dd2a40269b7c2c293,5
850913d59ce317156b00f3705f1c3edb,5
5ee7fd217d08dfe5d3e2f51f96a12c9a,5
c60b801f2d52c7f7f91de00870882a75,5
8d899e15a5925f097cca50faa49b15e3,5
9bc484c87d79cd4874e05ca182658045,5
44073f8b7e41514de3b7815dd0237f4f,5
784ba75dd9d20200c4caed3d7a77141a,5
2b1a40c1daabc6ca280c4b815c101841,5
4e85b538b0dad58852641540686d0e14,5
dbdd0ec73a4817971d962698f2fea022,5
80ceebb4ee9b31afb6c6a916a574a1e2,5
1ce3ae5a399804d1a87e706f8a813c3e,5
d6b1ce66b035a475f00c017792ff9769,5
4324dd16853115efb0fd9d0d131ba6f4,5
04aa0a1c5ce6b222003403a3e11c3cc0,5
791cfcfe22fe4a771ece27f90017da92,5
1d0997ff06b524ce9289ffd75114ecd3,5
c8b0e2b0a7095e5d8219575d5e7e1181,5
87b740daf17b5d1be335a64164ec6842,5
a6fe7de3d16f6149ffe280349a8535a0,5
7813ea3ebd9411dc600b4dd01f7a97b9,5
850f4f8af5ea87287ac68de36e29107f,5
97512d3fc193b2d1dfcdba0f9d1f0f8a,5
e5bd51692380fd8cabb19b756b95e714,5
f27e33c6d29b5138fa9967bcd445b6d5,5
f61c63d13f7cd800549d5acdd390ae72,5
bccf933e006e9b94a6184af782963e77,5
a17f621c590ea0fab3d5d883e1630ec6,5
7b1222c3624aa89b9558b50a2594188c,5
9449f25aeaf531019b76999ea49a6949,5
66dc1b1632bd6a3e508510c5b3492107,5
5b0cc932433fa5184b5b94bfe6bcc256,5
0d33a55da925bbf1ff02af5f6059fc7f,5
c0563dd588b775f2e37747ef6ad6c92c,5
ca4b77513ac2040591b0d8fae6958380,5
bce6a5ecf98e99fd2a8868b15c51f04b,5
c4fb51fb1c5b7c07bc5e67be6e7e8f6e,5
dd7ddc04e1b6c2c614352b383efe2d36,5
1c129092bf23f28a5930387c980c0dfc,5
b18dc380845b24038cfc48006478f099,5
1cbd50a8c52e6cf8e315c5709fab386f,5
ba143b05f0110f0dc71ad71b4466ce92,5
afe0067131b73e40875c9b6c10bd2e21,5
6d66611d7c44cc30ce351abc49a68421,5
7202e2ba20579a9bd1acb29e61fe71f6,5
cc5a78bbad32776dc4e3af205218368c,5
f80edd2c5aaa505cc4b0a3b219abf4b8,5
1025f0e2d44d7041d6cf58b6550e0bfa,5
4ebdc7e6cd6102a022dadc49156d4ea8,5
7fc87cc3e89b3d1d5cabdca32f8485aa,5
8e8a7ce9f2f970dc00e2acf6f6e199f6,5
23613d49c3ac2bd302259e55c06c050c,5
aeb36d67f1414f234d42a29e27cf1f17,5
db2956745b3a8e9f3785c99f34b5d25e,5
4c18691b6037662be2df78a765d98ab5,5
5343d0649eca2a983820bfe93fc4d17e,5
1f2eebc0e970fd3c463e4f5d9652687a,5
00fc707aaaad2d31347cf883cd2dfe10,5
f682e0f848abafc6f41e0d4e868c66ef,5
6e386f64c84e482f0b9abf960797ee1b,4
7a425d299613df3e613bcf9d2eaf5c49,4
c013e57c075a06e5b5c48ee03c525719,4
2dee2ce60de9709b1a24083217181a1f,4
432c37c9dfba871172ec162e20118b8c,4
5b2e94f2c22b39ccc24d34ad0f669672,4
09883d9ab71c8fe8a9bfc7fc3075b07e,4
d12c926d74ceff0a90a21184466ce161,4
79ebd9a61bac3eaf882805ed4ecfa12a,4
ac3508719a1d8f5b7614b798f70af136,4
ce616e1913288884e7742faac9d981db,4
729b2d09b2a0bdab221076327f13d050,4
85d9eb9ddc5d00ca9336a2219c97bb13,4
e8a85b5f3df47be0984c55fd4064dbb4,4
4200ddf1967c5e41e48db62bc6d4b5ac,4
7722b1df1b0e383e000397b2c11e3e19,4
cfb1a033743668a192316f3c6d1d2671,4
0ea22c1cfbdc755f86b9b54b39c16043,4
f62d7bb4a613ec758a03342d46b580b2,4
7c4adcc13272c0e26fa23aac642adb7b,4
2a5b78b41cd05baeac8df54c6606b92c,4
b94cc9f10ddc85e4ba73a6f7974e7101,4
d4e12e7884759a14fa0f5f896c791cae,4
b6d44737c043328708f6749c2dbe50bd,4
70c27847eca8195c983ed7e798c56743,4
20d83f3ef0e6925fd74bfd59170babf7,4
744dac408745240a2c2528fb1b6028f3,4
4c498c7345e89aebad651544829beca0,4
20cb7c2fde3e5bf10f0bbe7394e1c6a9,4
213b25e6f54661939f11710a6fddb871,4
bcd2d7510d58e293f20fad6438c1b314,4
2199e7fe213c16213bf5d6a7eadc9a5d,4
1b8b75e227c9a9c100d0c210fb6176ce,4
edf3fabebcc20f7463cc9c53da932ea8,4
0bae85eb84b9fb3bd773911e89288d54,4
7ecd59e5e20407131822c1a68ac59c1f,4
9d5a9018aee56acb367ba9c3f05d1d6a,4
271b8923c6a549e02d3c9fd1f8c0422b,4
5e49e3a44bdeb5aab2684258bbd4f525,4
14ee35374a7876217954b5fa08e50463,4
a4b6b9b992b46e9ef863637af96e04bc,4
406740ee611378a662d274c7d8c43c4a,4
1a3df491d1c4f1589fc2b934ada68bf2,4
808d4348b916efa08e766ebad39f61eb,4
17eea220a40cc0d2c0c5346379682398,4
fa3a0b5aabb344b9a92e3524b0202123,4
1ca7077d890b907f89be8c954a02686a,4
ccf8813e5a7d6c84d865cd38bfc2b130,4
768a86e36ad6aae3d03ee3c6433d61df,4
57c764b4a836300be881e2ff86e449f9,4
59fb871bf6f4522a87ba567b42dafecf,4
9df5750209b83567ec144eb299d7d634,4
99002261c568a84cce14d43fcffb43ea,4
ebe3dabc4955c9b0d695e7bda38bf5c3,4
bd4ff04377f974574f7f0bf9d6ce7dde,4
bacb1f0ed56ad24198f5810d2b3fe9a5,4
5c6d4016c2a288f074fa0848a2b653d2,4
85ecf03781da592876b7844acc1b729f,4
553a440137d6e0cf776aee0bb83ac9f5,4
318f287a62ab7ac10b703ac37435a231,4
fffd5413c0700ac820c7069d66d98c89,4
ba90964cff9b9e0e6f32b23b82465f7b,4
31da954dc0855f2495c6310f70a2f931,4
3bdff180c7e1f6551a643b99c265a120,4
79a679c36c08d606b3fd47ead9de109b,4
681fce914360217db47784ae28905a96,4
8f119a0aee85c0c8fc534629734e94fd,4
cce6ab8d1682639fe45ab70234f1665f,4
c66dccfb3f109511246da627dd5a2498,4
01fdefa7697d26ad920e9e0346d4bd1b,4
c500367424994318b9e779ff1ae9a330,4
ad97a199236354e53fcd91a5a913e9a2,4
c70c1b0d8ca86052f45a432a38b73958,4
71039d19d4303bf9054d69e9a9236699,4
7178f9f4dd81dcef02f62acdf8151e01,4
43f8c9950d11ecd03a0304a49e010da6,4
1976a05ecf2996d6ffb7b5430e635fe7,4
e26901d5ab434ce92fd9b5c256820a4e,4
cb8bcce248bb1fb274ba762d8b971456,4
38874e327ce94d11390b96eb42d61928,4
bc8c8d665ec4664d286be0d521722b19,4
835f0f7810c76831d6c7d24c7a646d4d,4
ac6417315ae5da8f9a38ee11de6f7780,4
af3ef48d0e13835e529c29ac573c63e5,4
f680f85bee2d253556ac91be391d2c82,4
3db66a856d18a9cba7c9241fc5221c50,4
b8555308bfdb4ca1ed54325a58da9a97,4
4830e40640734fc1c52cd21127c341d4,4
723cd880edaacdb998898b67c8f9da30,4
76d5af76d0271110f9af36c92573f765,4
6562efe88ce0826a4ca4f189f03b4b84,4
b64d51f0435e884e8de603b1655155ae,4
2a7dc43cecabf23403078e2188437d1d,4
951e8cef368f09bb3f3d03c00ca4702c,4
ab3e0c171fe84a7ba7de130f19cfb485,4
b1fc4f64df5a0e8b6913ab38803c57a9,4
bca9230d3bbb4efa51872bf605a2f1ad,4
d25aa0aaacb370e912f8cf6efeba38b3,4
977f9f63dd360c2a32ece2f93ad6d306,4
1a932caad4f9d804097d7f8e615baed1,4
4e7c18b98d84e05cbae3ff0ff03846c2,4
83b08de96980757220871b31bf6cffca,4
2e90cb1677d35cfe24eef47d441b7c87,4
91f848e9f4be368f4318775aac733370,3
2709af9587499e95e803a6498a5a56e9,3
c89cf7c468a48af70aada384e722f9e2,3
8d956fec2e4337affcb520f56fd8cbfd,3
2e13c71026e1a39ba5cc1b86dcb679aa,3
20a8b0dc55da94fe74d112082427c84f,3
b74d1c09cb380e1d03a6f859c6f4224b,3
56e361f411e38dcef17cdc2a3d99628b,3
d51e0a403fe2e689ece6c73359d96e12,3
1771297ac436903d1dd6b0e9279aa505,3
4de6e4ba574aa9dfdc824bc44dc47fdd,3
23d7c96d4a1160db1c726b248601b25a,3
ce27a3cc3c8cc1ea79d11e561e9bebb6,3
1f1bb1f0859883505541bdd6606193e5,3
a1bea7061f61f6fdd9a85a6325ba1033,3
3dbbce181edfaa4a597ec858c382d2ec,3
17ca9b9e9b9ef8fdb529001b49ebb50f,3
3078096983cf766a32a06257648502d1,3
80f2cf9abf6b5a0e5c612b5eea6646e6,3
a13580f0e8f782b7a543885a0ef99f08,3
aced59e9b31ef866a94f9e7f29d8d418,3
ed8cb7b190ceb6067227478e48cf8dde,3
f4db9b37944bcb8873e6b456ee190bbf,3
1099a00e0ee3a50935e6c2447ca090c5,3
4deebb3199eeafb282ae33229144f94b,3
c37b2059d4f90d4feead554e5246565e,3
f524ad65d7e0f1daab730ef2d2e86196,3
4559697a8f7e637227c2eeaed843baff,3
eb4df17aed01d918c65f0f8d650900c0,3
8a130737016f838139d31878787a39c9,3
23c38debaffe4a25a30fdbd9b586a13f,3
aaed1309374718fdd995ee4c58c9dfcd,3
3361277dc30b7cccdb0c286b24219756,3
d91fb3b7d041e83b64a00a3edfb37e4f,3
9674754b5a0cb32b638cec001178f799,3
f9d010e39375d9c91dce3f40b73a2f84,3
4c61e37f664c3c88aff092aa5ac779d7,3
3df020b72d3d44b3af9d110fa3940b65,3
af4a0e4cfe1d9c26b6712b1be25a72e5,3
83deb69e889cf80f82be1dc6d5f2d486,3
9d7a1d34a5052409006425275ba1c2b4,3
e64d65bc8dbec2accda90c58de5d1246,3
7b0df942f46435babab05d49b744b2c4,3
3be634553519fb6536a03e1358e9fdc7,3
92eb0f42c21942b6552362b9b114707d,3
5a413ade68e8f8d93071a7f52a64cb9e,3
8f580d36c1e9d6fbce95283403c7d447,3
15ead3a5037a918ddb520dfe39a3d2b9,3
e7df4cd29ab5abab70fb0783ddb53987,3
d17f467e4bf608a510c20d82f4ba3b6b,3
6edacfd9f9074789dad6d62ba7950b9c,3
c3acdfac4e3e97ff87529454fbc03642,3
19484c79cef6c062cb177aa4ef2fcc3c,3
fcf16b7a8697e559f0123190bb30177d,3
ff063b022a9a0aab91bad2c9088760b7,3
5659d77e8d90378e39b960ad5956f64e,3
542917da124346b47ea1ac79a93ce454,3
60da8bfa7eebe230b7d66ac4082d79b3,3
232a6014e7b10cba61c6c2b2ea6bb4b0,3
3f3486b61f45078d4f31ee5e43d8c5bb,3
594f9aaa48e5bf431f011ddc5669b0d5,3
582d4f8675b945722eda7c0cb61ba4c7,3
4992e76a42cb3aad7a7047e0d3d7e729,3
fe1bbc5feda5c8979a8a1b3b2512d5a6,3
36a968b544695394e4e9d7572688598f,3
8bb48dc19fccaa8613b6229bf7f452a2,3
528bcf6680c36dddf07620bd35b33a6f,3
7c1fea10b5b006671d608b1d7c446ec4,3
562f8cfc51f265411f487d07e9c40e7f,3
7f2617c58d5d06806987308b45654351,3
e0a366315b1b726b6c7832d664c0f530,3
37dd29b36c458d82f74a953c40c43645,3
e1b12447a7563944843191754aeb5562,3
1da366cade6d8276e7d8beea7af5d4bf,3
b4a476fbd28de64b1e347abf9089366a,3
a066df7361163e7ddc5d7452dd17448b,3
adcf50477d6a1f5d91bb9d54c4903cb5,3
52d76513f0c4d97f3b99570e2c94ee31,3
febab0275244b9a49a623f0bd613ca2f,3
688756f717c462a206ad854c5027a64a,3
984c273121e743dd14767befe6cb17f5,3
3442f8959a84dea7ee197c632cb2df15,3
28f10b1c5e5abb9d4857745bede6147c,3
e99e927c81e3f51739c94fcdfca9f10f,3
cd6efc47efaabf134f8bdb654e10b4f1,3
f5f1f2c5f923f36ad79ea1d07185ddc9,2
ff1fb4c404b2efe68b03350a8dc24122,2
615005a3ef192c00c6f0e977cee3d2bc,2
9dd59e43f0c9f0553244e8f9c2fb247e,2
4e8dacf3d38f281ae26c3e0321d92d88,2
ec8463980a4e0ea9f8517aea1ed0c419,2
d5b9a084373da994a6e37f732169a853,2
bbaff50f3b708fda865918715276cd87,2
5670f4db5b62c43d542e1b2d56b0cf7c,2
44f091b5abab8018f682fce8124b85e5,2
381c83fdca332ea6afd896da20bf6e4a,2
b18871c324516afa228a13e8f1ef0ae9,2
de9727ca376d1be6ec121b110aa7954c,2
a254c682cc01e119f83530446f1df9a9,2
0509040ea3fe50071181bbc359eb7738,2
9e6229250fedbe05838fef417b74e7fb,2
5b07547f10dd980738a1a27f685af669,2
154bdf805377afea75a3bd158e9eab10,2
ed4311e67debd72b8610a5347a743087,2
2c3d56f92f360fb89d849b84e8f50eae,2
a36b125ac6d5fdbc7f50de85c9157bdc,2
1b7e5006cb25dd23ce8686691013b121,2
8e2b3afb420011ef0c88c9d5f11ea526,2
c31eff8334d6b3047ed34bebd4d62c36,2
13d95f0f6f73943d4ceffad0fc2cd32c,2
1690cada046eb7e92c12f98b1f8a8167,2
5f3ae9136c875522250f8184f253413a,2
382229d1e840115ffe3dbf5ff460e417,2
5b179e9e8cc7ab6fd113a46ca584da81,2
39d54ff918774174706fb065d7f9dc07,2
88ae906ea2acf6971f26c3e8b7cb4357,2
0725b8c0f3f906e58f70cbe76b7c748c,2
2f09f7d37a97956d11cc1a7cadd5262b,2
76ea5315acb3f5f7ade3cd261faf922a,2
5c243662ce92d84573bfaff24c3e3700,2
2dcf93836ae3ce0d7c93e2f10876467a,2
a3dd39f583bc80bd8c5901c95878921e,2
3935fe5fe0f82787a9dcb8deb62be09d,2
45213867cefbf2cd4c6177e10216a951,2
6bb0724edf0b62fb91ac404873a97241,2
1352e06ae67b410cdae0b2a22361167b,2
40db9e9aa57f7bb151bcda6b0f9bdbb7,2
edf96ef93ed595084bbcbd9224bd2894,2
aba1721a889e04decc910aa13b768ef4,2
30c7f28fd3a5897b2c82d152bb760c17,2
343e716476e3748b069f980efbaa294e,2
516e7738bd8f735ac19a010ee5450d8d,2
643214e62b870443ccbe55ab29a4dccf,2
c68fb906c8f4b4b946d8386bfa6e5467,2
6e4a902d1054e4e17aa6eab87fac1c75,2
8a432f4e5b471f8da497d7dc517666e2,2
5d9dc90a686a8fddacffab6bab5653a3,2
7901646fdd36a55f564ffaf2dbccaaf7,2
0873d9f8f36123f8d910f4760e788cfb,2
e5475dcab1e07b63d7f6e902d8f5eda8,2
a13aaf2d2886ab9fb30fb9a920160b8f,2
ef2fbc2b607d8492bcffe657a4645434,2
b8bc237ba3788b23da09c0f1f3a3288c,2
36890be00bbfc1cdb9a4a38a6af05a69,2
55f7a3319d80f7fdf078b8f03e6725fe,2
f789d2c4f2c2eb38fc4373e7a4b35264,2
575df70bde3f9f2b30bf8d2e9910d725,2
253c025bab43881055aeecde5e2d8b77,2
5f1dc28029d2c244352a68107ec2b542,2
d354c38a7182125a748cb10474fe963b,2
d1aa1ec0839dcab73a6161130eb1f94a,2
95ec4458365c4d11f452ccf538377619,2
3968920b9aa752ab98f7d5888c9252f2,2
8ccf3cf69651cc1d8a02c8bfaf3b8568,2
2e1a7d075abe038c1b2743005fe42ff1,2
6e864f5c4669eff3d98140a07cc50202,2
8b8cfc8305aa441e4239358c9f6f2485,2
4ef4c39cf3c24f326434cf0b2e48046a,2
13f57c12a00ed4610db646b913a7f5c6,2
fe49ee029e61e789a1f3a5525f57ba8d,2
0692610d8abe24f287e9fae90ea0bbee,2
f35b3c613c4f7b2275f4185d0a3c59ec,2
b2c97074649f92197d9387d9033dda5f,2
167fd940acebc789debd6eb418c46e38,2
67883baaae6134ee81b271a542613728,2
d94a40fd42351c259927028d163af842,2
55a5b51f93f2b70ea513f5a047b0262a,2
3903c788ded8dc03b5ebab37a2f3e9a1,2
1660ad786c27fd935378b6192a90b417,2
81a1104df0f08b59c68aa5b03cfe398e,2
96493fab2fbb13a14d0c0e8772eef5c3,2
62760d278921b5f352461620d68a9cee,2
ca3bd7cd9f149df75950150d010fe4a2,2
d9e7e7778b32987280a6f2cb9a39c57d,2
f44bdc12aa39f5271f0b95f66cd4c289,2
1e8b33f18b4f7598d87f5cbee2282cc2,2
b83cedfb587e7911540e3f576d6917ce,2
e819bcfade7b5d88a27325eb6cfd62c5,2
eb3071b9f0b0ddaa2df5ea130f09f26b,2
730937bf88cb151eb2eb849f642fc213,2
f0b47fbbc6dee9aafe415a6e33051b3f,2
6061155addc1e54b4cfb51c1c2a32ad8,2
180c3376aff0e43dd5788709df48a843,2
cfe94489ddd337d1e29e12f2a7205d10,2
5236605f4d4b0b3e4df85b850393fca0,2
18e694e0e48ed6f7aa3f24aade5fd697,1
bc302730ea8cf49b5c74f579febb5bbf,1
3ab971ce71839580d2ae5b4e40fe8044,1
1838dd9b8977065acf51d95e0053ea7a,1
1ca4bdb0cd7fc48e949bac066188ed26,1
b127efdabeffb5d559349c7b172eb75d,1
d79e8478eed9999493990b44955fb22e,1
138dbe45fc62f1e244378131a6801526,1
9dd459b29a14bf89d47183cf2cd0e4c7,1
4677a5437afda5fa7140b927b07be1cc,1
fdaaf5bfda82b7b80535610c831b8d09,1
92c8bc6e8f925792247656fed09aad65,1
e883aa812c37a7413226856f4579fe91,1
98dac6635aee4995d501a3972e047414,1
4a1f694197d05fe70026b016a7316b41,1
5a6a02f419701fc8c605af71d4fc57a4,1
47648caee88ccfe951fbb27fbf7b4cbe,1
45ba18c210d42734ec52c0c1c574e9ee,1
d5c530f4884a75ae0dba9c148718d278,1
4be6b962d83299498bae2190f95d6566,1
edd066cd02126d7800f9b66e980e9931,1
8a32e327fe2c1b3511609d81aaf9f042,1
bf3c6d2a28b2b5501e6c15448982dcc9,1
79565f7d5603b24ddf07ade262547f2f,1
c8660dcf9ba70575f45d80fe28c27713,1
656591be56071d4c9ef4e5fee78a578a,1
c9aafcd0621b2207c10e32c649cada4d,1
cf8ab1616079e2793aa29d524df01bb1,1
6b333a05bf188ef3e1f1662a86bd9855,1
6bd503a8230299c9316fb0f726933927,1
b4f8921fcc4ff77b66bea6dda43dcd51,1
4dc646b9b9e8e411ef48ba000ea3ac6f,1
2aa3443d7bf9d9bb11133f420d75e083,1
2e7ea2aafec5835e781b21d6d1faf1f1,1
6aa3928696eab49a19a466e665a649fd,1
f7496d659ca9fdaf323c0aae84176632,1
c1ed9e3daf6154542826a6996af0fb8c,1
1dd33b8119b3cb1056ed5dc88cd0aaf4,1
3771c85bac139d2344864ede5d9341e3,1
dbd66278cbfe1aa1000f90a217ca4695,1
c611f4ce9ce875bcc063fa97fd4d7d12,1
5a8e7d5003a1f221f9e1d6e411de7c23,1
2be17df1c49978426251562096c3cc09,1
26f6b7ab07be3e9e69ce82a6552efc19,1
a6bd7d1ccdac48c6b33b28596b7eb122,1
e9729944ba65dc3ce425e0c5a22ae7b2,1
1c40343cc5d18c2d8248ac2f3366de34,1
da7039f29f90ce5b4846ffc0fcc93beb,1
99a54764c341d5dc80b4a8fac4eba3fb,1
081acf3de680d554796c9cf041be7bc2,1
1cbd32d00d01bb8087a5eb088612fd9c,1
cea729054f157f5870bdd321a958d994,1
e5f9e61ceb5f523cc966e0f34095032f,1
9485a23c0430ba1d58d359391606fce6,1
f5fea3ffed6c2e889bab72705557c63a,1
ab91571efab27993ff2f6b36e38055c3,1
06df0c10d34e459d9672bc77388742eb,1
397c4d0c005b6f41f90098ac724e28cb,1
980640c45d7a4635885491d077167e4d,1
2bf28e311bba65237358230cabac3f15,1
95f83f51203c626648c875dd41874c7f,1
efb628aa07c8ca93d7db0d85b91a4f5a,1
32f1bb9dfa65bc7df5c0d9d95a616be4,1
179d859f51292aac5c10806a356f7af9,1
e3dd723429d1b23614b7fa85e2c7a853,1
0a85ebe4e328db81ac9109781205e2f7,1
ea00f977a203ff88adf7057cb7806998,1
3e8bd881d92466e63ba9e3e809cd3c50,1
c12b92bf1c350f3e6bf88d3596219c86,1
7c4618c82226628831613e95e9c22f44,1
9539213aa8e023c01937bef95dc006da,1
7210cd29727d674c00741e5e387b3ccd,1
c522be04e020c1e7b79f3acff36513d5,1
33c51922b6e3c16b24a8f28e5833c99d,1
966cb4760537b1404caedd472cc610a5,1
31be790e64fc99f8ff48ec2bd18a3104,1
c3cfdc648177fdbbbb35635a37472c53,1
fe26f3ecb51a15e6d8335cd92da42562,1
820cc752a266cdc6c1a1e61dd4583330,1
d1ef48b38baca7e831711c4a0aeb398f,1
fe701d88b67eaca109dffd464d1be9f9,1
128f9bfbe4c7d5185033914b1de3d39a,1
f8201cab383e484733266d1906e2fdfa,1
6481e96574816ead57975da2c0f6d80d,1
b32be1695eb7ec5f10f72d9610a12527,1
2646baaf662d4d92ac48f047e35db92d,1
e38db885400cd35c71dfd162f2c1dbcf,1
b248792ac0b60ec3f93d80af1b4fae47,1
c6218512d16fcac0af02fe92691cf274,0
6426d21aca402a131fc0a5d0960a3c90,0
612170e34b97004b3ba37eae81836b4c,0
cac876b37d3abcd6bd76caca30277996,0
1b938a7ec6ac5061a66a3766e0e75f90,0
ed4acab38528488b65a9a9c603ff024a,0
31561f325664a8a7aba4c8d0c3a9b3db,0
05aebce0b5c8f0d41b29b686f2d05fd3,0
a63bfbaa882c8f4542891b4e2246cc7f,0
b4b447d715f9ab302a188fb43d3e96b3,0
b98b715fe9e276204e2a3464f48cd796,0
05ca864204d09595ae591b93ea9cf93d,0
c8025364abeecb115431bf95c11a747f,0
3492e68f37fd1df87f4f2f2ea247f445,0
1354d51653f645349064725ed204e85e,0
116ccb1a1604bc88e4d234a8c23f33de,0
8daab2245ebdc277c51098d01c5ad8ef,0
3d5d0dc7073a299e31fa718ce1bc00b6,0
fb8904a8ea99f8831b64ce27db2c1765,0
f3295428338a40977a03f555246a70f4,0
a8739afb32aaa45e01815ca76f76f54b,0
9a03a4e9eb0b947652fae4f6121a3f5e,0
d8d9567d0bfb0bc7eb845a205ba42657,0
46ef1a25845fc051c2998d878354810c,0
dfc475d54e1b6dbeeb7d7d9bdaa63827,0
f08a5b9dd6767129688d001acafc21e5,0
6806dad1da97bfb5a9038eac6881f706,0
67225bff54a172ff67579aaf583efd78,0
c0098efcf800861dcae589affca31408,0
28ea411b354f14b1a494be4e79f0ce02,0
caa9bc43a9fe8cf9c564ddd8a03cc4a6,0
4bf2f4ee540798a61f9636d12cd9cc80,0
0885aaf116795758dfeb5f1032487bcd,0
bc503e244f187939d10c92a5c8e378ce,0
f3c38ab652836d21de61fb8314b69182,0
eb9cd5b35d95206585e2185318cb5c61,0
d566c37fa119d5e66c4e9052e83ee4ea,0
a20d8058c866dbaeca014d2cd20ac62e,0
e48cc16ab70bfa09e1401740dce0b3d7,0
5b97c06a046398e7005b2b7c0d707a92,0
08d2d642cf72b622b14dde1d2f5eb2f5,0
8ae520247981aa06bc94abddf5f46d34,0
83f2b4881141ce3fcd4e985125d3279e,0
59cd88080b93f3c18508673122d26169,0
bb5bd94c8f59cc050072d2930c869cac,0
7f40d06aa0b5f1aa4f41af8c0480e2ef,0
3fac58ce0ad699020c7944d53c41329c,0
6b90f847357d8981edd79a1eb1bf0acb,0
d06d019f72a04e5497a0b64190af170c,0
13511db12ac61e2f89c53b72a944a60b,0
0f0c984a4a955310903b6b6008660bad,0
05e107217c7266362fd44b75b2cd4cc4,0
13dd308f81fea30cc670c656b2b46cc3,0
cb6c9f5888a7a090c75beaf615925792,0
9ac75591b69c3402684b6ce0310f22ee,0
e5d4b2b0c3bca22085f7a19a28de0c42,0
989becdce12ebc39863c2bceab6f3ca1,0
70125af26c2d6d4ef401a1d02ae7701f,0
f7315bb81aea4ddca2d39e249a801c98,0
d6b664fa0667064c6d76394e7848d790,0
c7fdb77fdbff3c41981bc52f787e959e,0
03bd479e1d9484cdb14104d3023f7321,0
b8630e1121437d41cb08e3c749c2c2e2,0
344223b2a90784f64136a8a5da012e7f,0
ba6ce6de456f6c11d08c17701ba5c26f,0
9f50216bfd01913736a55a11b55ea842,0
7238a95bb63ef7e498389fb863b834a1,0
8a9260f2b0340411d6d2a56bcf4f7378,0
5160d23075764e18e07c1f4a87fad743,0
89f69225956f951295ca4c7fb1266553,0
d57e18d5f73c7ccb7f7339b61166898d,0
d4910f1cdcfdabd48d6b316e395d4a23,0
6c177e38df6d3f34182b1f1d427231bf,0
baa49d93c8c8841e27400a300f5d74b2,0
b16d3dadc47d4eb18be3d88bad0775ce,0
3a3e46d10f74d8a6ca76e2b538f106a0,0
04843805947f0fc584fc1969b6e50fe7,0
ce20a2ec1514c25e16f2b5b39bc818f0,0
38e6dada03429a47197d5d584d793b41,0
f9ec7093df3a7b346b7bcf7864069ca3,0
b410bdd36d5db7a65dcd42b7ead933b8,0
d13e50eaa47b4cbe9eb81465865d8cfc,0
49067458c68f7701fd334ce326accbe0,0
8602a61d680a10a82cceeeda0d99ea3d,0
c5e60e39c0f42b8e827daa13cff74afa,0
a11a0e0ca67423425691db355cff69b0,0
cc3d14116804f7209f3884f6367f1152,0
269c5fc9fcadee614364c3620c30a1f9,0
68f86ba270525243e68ae74044f992b9,0
12c2ed9cded6138cf0c75f525f565fc7,0
6eb94e1466490d327a09abf8f3552a50,0
a67780aba9dd436e7ac0aa1f889e73ec,0
f5b44895715ddfe3087dc414f30268f3,0
8f78f0903005064036736c7173a5c2ed,0
535bf14f36346c7f59d87cece104d70c,0
b8d890108a7a80e4f5d59eea9f362438,0
439a47cc365d6e3bd526812ea9de3c29,0
cf1313c6e2c01c2f4b014f97db4bcd2b,0
9d489893ff6af05029671b785f54b998,0
d1b65fc7debc3361ea86b5f14c68d2e2,0
b494891378bd8f4560abe576c52deacd,0
52a50b42accf164f9f019941e5759d9b,0
a56e351445e5863fc8960640ba9190c7,0
5a05a16bb50629ee31afab8a6d4c2674,0
06e5eefc71ec47ae763c5c6f8db7064f,0
0daf5180aa44356f60f8effa533b55a2,0
f4a04f7be452aa3bb31760bf00055dd0,0
c8417879a15366a17c30af34c798c332,0
f92d8c817434bd2d84d4e9c61322b7fa,0
1dc2de47ee26a0a5b12dc14fd6dc0dea,0
7bcd7c5f8631701474db233ccf1c094b,0
55c96925041a14097b6a7825554f4ad5,0
65febd49fd28ec955651299159b1f527,0
b1a81260566c1bac3114a6d124413f27,0
32b8764b4ef628b53608fc34011fcc13,0
d93844a9c55ba7ce353388bcf849ea56,0
7b7ed56ae755e2880f2b69632e839c1e,0
5882820ef11c4c068eea0677a7a879b4,0
7ecef8194babfec876ca720714327841,0
f52c2422904463fdd7741f99045fecb6,0
985c92cc412091f8529c12d7f23d3fef,0
5275ca25d0358ca73864e0ae41be1320,0
457fe919b032a3f7dadba6fb92cf7855,0
7d484ca289afaac6bf5fc6a1e96d2226,0
12a8eb0f8d1cd3270695bf2a99f55966,0
81783131d2a97c8d44d406a4be81b5d9,0
5e105f5c9f63f5f1fd75d6cb942e55b1,0
6b15924333bd1a741595fe981ea04822,0
a2b5b6105ea5942300631d2e76f4ffe0,0
e4ebd3f87bf70440014f07ddda7fbe03,0
daf565f087a52def0fd5c5825b3661bc,0
961dff0a659b4561334372337dd897d9,0
2a73cba571d90c694b7caca072ccf6ce,0
e45edf75f568ed2f93f78d060e246e25,0
a64e44665225d19dfc0277eeeaaccc57,0
b37c4c02bda3161a7546a4e6d222d5b2,0
fad44952713764836814be105382aee5,0
2953ce3a88f5e3c3b696d77fc9e4c8eb,0
8b655f0855926bcb49f5835d38dfddf6,0
3afc536624bc2e65bddfb5db33cc01f3,0
